Laptops Brands List,Laptops Brands Link,Customers Ratings
"HP Chromebook 11-inch Laptop - MediaTek - MT8183 - 4 GB RAM - 32 GB eMMC Storage - 11.6-inch HD Display - with Chrome OS - (11a-na0010nr, 2020 Model)",/HP-Chromebook-11-inch-Laptop-11a-na0010nr/dp/B08HJT1BKQ/ref=sr_1_3?dchild=1&keywords=Laptops&qid=1622890631&sr=8-3,528
"Acer Aspire 5 Slim Laptop, 15.6 inches Full HD IPS Display, AMD Ryzen 3 3200U, Vega 3 Graphics, 4GB DDR4, 128GB SSD, Backlit Keyboard, Windows 10 in S Mode, A515-43-R19L, Silver",/Acer-Display-Graphics-Keyboard-A515-43-R19L/dp/B07RF1XD36/ref=sr_1_4?dchild=1&keywords=Laptops&qid=1622890631&sr=8-4,"31,292"
"Acer Predator Helios 300 Gaming Laptop, Intel i7-10750H, NVIDIA GeForce RTX 3060 Laptop GPU, 15.6"" Full HD 144Hz 3ms IPS Display, 16GB DDR4, 512GB NVMe SSD, WiFi 6, RGB Keyboard, PH315-53-71HN",/Acer-Predator-i7-10750H-Keyboard-PH315-53-71HN/dp/B08VKV5WQ1/ref=sr_1_5?dchild=1&keywords=Laptops&qid=1622890631&sr=8-5,27
"2021 Newest Dell Inspiron 3000 Laptop, 15.6 HD LED-Backlit Display, Intel Celeron Processor N4020, 16GB DDR4 RAM, 1TB Hard Disk Drive, Online Meeting Ready, Webcam, WiFi, HDMI, Win10 Home, Black",/Dell-Inspiron-LED-Backlit-Display-Processor/dp/B08X1KKFKP/ref=sr_1_6?dchild=1&keywords=Laptops&qid=1622890631&sr=8-6,337
"HP Stream 14-inch Laptop, Intel Celeron N4000, 4 GB RAM, 64 GB eMMC, Windows 10 Home in S Mode with Office 365 Personal for 1 Year (14-cb186nr, Brilliant Black) (9MV74UA#ABA)",/HP-14-cb186nr-Brilliant-9MV74UA-ABA/dp/B084SMMH96/ref=sr_1_8?dchild=1&keywords=Laptops&qid=1622890631&sr=8-8,"3,329"
"HP Chromebook 11-inch Laptop - Up to 15 Hour Battery Life - MediaTek - MT8183 - 4 GB RAM - 32 GB eMMC Storage - 11.6-inch HD Display - with Chrome OS - (11a-na0021nr, 2020 Model, Snow White)",/HP-Chromebook-11-inch-Laptop-11a-na0021nr/dp/B08H6YZY3Y/ref=sr_1_9?dchild=1&keywords=Laptops&qid=1622890631&sr=8-9,631
"Acer Aspire 5 A515-55-56VK, 15.6"" Full HD IPS Display, 10th Gen Intel Core i5-1035G1, 8GB DDR4, 256GB NVMe SSD, Intel Wireless WiFi 6 AX201, Fingerprint Reader, Backlit Keyboard, Windows 10 Home",/Acer-A515-55-56VK-i5-1035G1-Fingerprint-Keyboard/dp/B087RTV311/ref=sr_1_10?dchild=1&keywords=Laptops&qid=1622890631&sr=8-10,"1,328"
"Dell Inspiron 15 3000 Laptop (2021 Latest Model), 15.6"" HD Display, Intel N4020 Dual-Core Processor, 8GB RAM, 256GB SSD, Webcam, HDMI, Bluetooth, Wi-Fi, Black, Windows 10",/Dell-Inspiron-Dual-Core-Processor-Bluetooth/dp/B09124D379/ref=sr_1_11?dchild=1&keywords=Laptops&qid=1622890631&sr=8-11,34
"ASUS Laptop L510 Ultra Thin Laptop, 15.6” FHD Display, Intel Celeron N4020 Processor, 4GB RAM, 128GB Storage, Windows 10 Home in S Mode, 1 Year Microsoft 365, Star Black, L510MA-DS04",/ASUS-Display-Processor-Microsoft-L510MA-DS04/dp/B08XB41YVQ/ref=sr_1_13?dchild=1&keywords=Laptops&qid=1622890631&sr=8-13,18
"2021 Newest Dell Inspiron 3000 Laptop, 15.6 HD LED-Backlit Display, Intel Pentium Silver N5030 Processor, 16GB DDR4 RAM, 256GB PCIe Solid State Drive, Online Meeting Ready, Webcam, Win10 Home, Black",/Dell-Inspiron-LED-Backlit-Display-Processor/dp/B08X1CKDRG/ref=sr_1_14?dchild=1&keywords=Laptops&qid=1622890631&sr=8-14,103
"2021 Newest Lenovo IdeaPad 3 15.6” HD Touch Screen Laptop, Intel Quad-Core i5-10210U Up to 4.2 GHz (Beats i7-8565U), 20GB DDR4 RAM, 512GB PCI-e SSD, Webcam, WiFi, HDMI, Windows 10 Home + Nly MP",/Lenovo-IdeaPad-Quad-Core-i5-10210U-i7-8565U/dp/B093ZN3WF9/ref=sr_1_15?dchild=1&keywords=Laptops&qid=1622890631&sr=8-15,
"2021 Newest HP 15.6 HD Laptop for Business and Student, WLED-Backlit Display, AMD Ryzen 3 3250U(Up to 3.5GHz), 16GB RAM, 1TB HDD+128GB SSD, Ethernet, WiFi, Fast Charge, HDMI, w/Ghost Manta Accessories",/HP-Business-WLED-Backlit-Ethernet-Accessories/dp/B08Z36VFM9/ref=sr_1_16?dchild=1&keywords=Laptops&qid=1622890631&sr=8-16,58
"2021 HP Stream 14"" HD Thin and Light Laptop, Intel Celeron N4000 Processor, 4GB RAM, 64GB eMMC, HDMI, Webcam, WiFi, Bluetooth, 1 Year Office 365, Windows 10 S, Rose Pink, W/ IFT Accessories",/HP-Celeron-Processor-Bluetooth-Accessories/dp/B08QXJM323/ref=sr_1_18?dchild=1&keywords=Laptops&qid=1622890631&sr=8-18,171
"2021 HP 14"" HD Laptop for Business and Student, AMD Ryzen3 3250U (up to 3.5 GHz), 16GB RAM, 1TB HDD+128GB SSD, Ethernet, Webcam, WiFi, Bluetooth, HDMI, Fast Charge, Win10, w/Ghost Manta Accessories",/HP-Business-Ethernet-Bluetooth-Accessories/dp/B091PRHV8B/ref=sr_1_19?dchild=1&keywords=Laptops&qid=1622890631&sr=8-19,50
"2020 Acer Aspire 3 15.6"" Full HD 1080P Laptop PC, Intel Core i5-1035G1 Quad-Core Processor, 8GB DDR4 RAM, 256GB SSD, Ethernet, HDMI, Wi-Fi, Webcam, Numeric Keypad, Windows 10 Home, Steel Gray",/Acer-i5-1035G1-Quad-Core-Processor-Ethernet/dp/B08K3NGK2Z/ref=sr_1_20?dchild=1&keywords=Laptops&qid=1622890631&sr=8-20,127
"Newest MSI GE75 RAIDER-1036 17.3"" FHD IPS 144Hz Gaming Laptop, Intel 6-Core i7-9750H, 32GB RAM, 1TB SSD Boot + 1TB HDD, NVIDIA GeForce RTX 2060 6GB GDDR6, RGB Backlit Keyboard, Windows 10",/MSI-RAIDER-1036-i7-9750H-GeForce-Keyboard/dp/B0894SWSZB/ref=sr_1_21?dchild=1&keywords=Laptops&qid=1622890631&sr=8-21,6
