Book Names,URL,Price,Ratings in star,Ratings
My First Picture Library Box Of 10 Board Books (Pre-Sch...,/my-first-picture-library-box-10-board-books-pre-school-books-gift-set-kids/p/itm577a7e2d06845?pid=RBKFVFDYGNBK7ZZQ&lid=LSTRBKFVFDYGNBK7ZZQGTC3QE&marketplace=FLIPKART&q=books&store=bks&srno=s_1_1&otracker=search&otracker1=search&fm=SEARCH&iid=en_Dd8SdOs8VBslAfdrHRNs7ti7q6vjkj7hpe90hPnIhyqzPckin6y5DFUZVHpPkm%2F6DjQ7HU6vHAQxdQ4xzLwWMw%3D%3D&ppt=hp&ppn=homepage&ssid=367od0x5hr09aebk1622892236161&qH=7d8949bcbf85067f,₹359,Ad,
Colouring Book Collections from Inikao - Inikao Colouri...,/colouring-book-collections-inikao-books-kids/p/itmffgp7mvnf2bhg?pid=9788193628416&lid=LSTBOK9788193628416P7VUMZ&marketplace=FLIPKART&q=books&store=bks&srno=s_1_2&otracker=search&otracker1=search&fm=SEARCH&iid=en_Dd8SdOs8VBslAfdrHRNs7ti7q6vjkj7hpe90hPnIhyouk%2BvcYz1K%2BUbxL81PfuAtGWsK4wBB61kit1hAWC137g%3D%3D&ppt=hp&ppn=homepage&ssid=367od0x5hr09aebk1622892236161&qH=7d8949bcbf85067f,₹320,Ad,
Karma,/karma/p/itm37719f508e688?pid=9780143452676&lid=LSTBOK9780143452676QNDGSC&marketplace=FLIPKART&q=books&store=bks&srno=s_1_3&otracker=search&otracker1=search&fm=SEARCH&iid=afdf4e42-8495-44e1-8a30-9a547fdc469d.9780143452676.SEARCH&ppt=hp&ppn=homepage&ssid=367od0x5hr09aebk1622892236161&qH=7d8949bcbf85067f,₹239,,"(1,815)"
Why Not Me? A Feeling of Millions (English),/not-me-feeling-millions-english/p/itm378cfddf64d08?pid=9789390351473&lid=LSTBOK9789390351473XB5UWP&marketplace=FLIPKART&q=books&store=bks&srno=s_1_4&otracker=search&otracker1=search&fm=SEARCH&iid=afdf4e42-8495-44e1-8a30-9a547fdc469d.9789390351473.SEARCH&ppt=hp&ppn=homepage&ssid=367od0x5hr09aebk1622892236161&qH=7d8949bcbf85067f,₹130,,"(3,556)"
5 Mock Tests for NTA NEET 2021 - 3rd Edition,/5-mock-tests-nta-neet-2021-3rd/p/itma1560c90170b5?pid=9788194815068&lid=LSTBOK9788194815068JWG1FM&marketplace=FLIPKART&q=books&store=bks&srno=s_2_41&otracker=search&otracker1=search&fm=SEARCH&iid=8b3aa058-93fd-49ed-9bd3-5229d1495d01.9788194815068.SEARCH&ppt=sp&ppn=sp&ssid=367od0x5hr09aebk1622892236161&qH=7d8949bcbf85067f,₹82,,(375)
Wbcs Prelim Mock Test Series 2021,/wbcs-prelim-mock-test-series-2021/p/itm17f0aad585e8c?pid=9789390185795&lid=LSTBOK9789390185795W0L7VZ&marketplace=FLIPKART&q=books&store=bks&srno=s_2_42&otracker=search&otracker1=search&fm=SEARCH&iid=8b3aa058-93fd-49ed-9bd3-5229d1495d01.9789390185795.SEARCH&ppt=sp&ppn=sp&ssid=367od0x5hr09aebk1622892236161&qH=7d8949bcbf85067f,₹240,,(751)
Emotion & Relationships,/emotion-relationships/p/itmfyr6seqnk3ha9?pid=9789386867506&lid=LSTBOK9789386867506NPUWNT&marketplace=FLIPKART&q=books&store=bks&srno=s_2_43&otracker=search&otracker1=search&fm=SEARCH&iid=8b3aa058-93fd-49ed-9bd3-5229d1495d01.9789386867506.SEARCH&ppt=sp&ppn=sp&ssid=367od0x5hr09aebk1622892236161&qH=7d8949bcbf85067f,₹188,,"(6,262)"
"Sawan Set Of 5 Books Colouring Books Of Gods, (Jumbo Go...",/sawan-set-5-books-colouring-gods-jumbo-gods-book-other-divine-personalities-hanuman-2-krishna-2-shiva-2-ganesha-2/p/itm2f3edbd7b8b3f?pid=RBKFUX4GBTZSYPQF&lid=LSTRBKFUX4GBTZSYPQFARTS2L&marketplace=FLIPKART&q=books&store=bks&srno=s_2_44&otracker=search&otracker1=search&fm=SEARCH&iid=en_dnTSfHBVjmNxg8jwhrO5sTPm7gkXJdbMNmMSUBoZkfaZ2f0nipZWZXH9yoBqRFB3g%2BWpdX8WLDSUgT1uONnMaQ%3D%3D&ppt=sp&ppn=sp&ssid=367od0x5hr09aebk1622892236161&qH=7d8949bcbf85067f,₹195,Ad,
"Combo Pack: Science (Biology, Physics, Chemistry) For C...",/combo-pack-science-biology-physics-chemistry-class-10-2020-2021-examination-free-virtual-reality-gear/p/itm3ec656e815bbc?pid=RBKFNWAZEFVFQDPE&lid=LSTRBKFNWAZEFVFQDPEK8YDXC&marketplace=FLIPKART&q=books&store=bks&srno=s_3_81&otracker=search&otracker1=search&fm=SEARCH&iid=38b672b5-766a-45f6-8e5d-8cbefc7cc273.RBKFNWAZEFVFQDPE.SEARCH&ppt=sp&ppn=sp&ssid=367od0x5hr09aebk1622892236161&qH=7d8949bcbf85067f,"₹1,250",,"(1,423)"
Exploring Biology for Neet - 2021,/exploring-biology-neet-2021/p/itmcde964e3fad43?pid=9789324197009&lid=LSTBOK9789324197009WW3GIC&marketplace=FLIPKART&q=books&store=bks&srno=s_3_82&otracker=search&otracker1=search&fm=SEARCH&iid=38b672b5-766a-45f6-8e5d-8cbefc7cc273.9789324197009.SEARCH&ppt=sp&ppn=sp&ssid=367od0x5hr09aebk1622892236161&qH=7d8949bcbf85067f,₹590,,(346)
UBD1960 Errorless Chemistry for NEET as per New Pattern...,/ubd1960-errorless-chemistry-neet-per-new-pattern-nta-revised-2021-coloured-set-2-volumes-universal-book-depot-1960/p/itm52b40d3b9a1b0?pid=9788194630319&lid=LSTBOK97881946303193IF4RD&marketplace=FLIPKART&q=books&store=bks&srno=s_3_83&otracker=search&otracker1=search&fm=SEARCH&iid=38b672b5-766a-45f6-8e5d-8cbefc7cc273.9788194630319.SEARCH&ppt=sp&ppn=sp&ssid=367od0x5hr09aebk1622892236161&qH=7d8949bcbf85067f,₹950,,(283)
My Big Book Series | Pack Of 3 Books | Super Jumbo Comb...,/my-big-book-series-pack-3-books-super-jumbo-combo-collecters-library-colouring/p/itm0cd63aea8aae0?pid=RBKFTZ5FMYTFCDA5&lid=LSTRBKFTZ5FMYTFCDA5NO0EUS&marketplace=FLIPKART&q=books&store=bks&srno=s_3_84&otracker=search&otracker1=search&fm=SEARCH&iid=en_LNOrDdeEL9Ax%2FiZerA2EpMY7y4CZCDhvcO%2F4NZd80%2BEHjjVwxIk5FbyZGIrbEzG%2FPPE%2BHEmoBGqmGO1%2Bt8HOSA%3D%3D&ppt=sp&ppn=sp&ssid=367od0x5hr09aebk1622892236161&qH=7d8949bcbf85067f,₹289,Ad,
Indian Air Force X & Y Group Technical & Non-Technical ...,/indian-air-force-x-y-group-technical-non-technical-2020/p/itm1d8ee38554d6d?pid=9789324193179&lid=LSTBOK9789324193179LIEOPM&marketplace=FLIPKART&q=books&store=bks&srno=s_4_121&otracker=search&otracker1=search&fm=SEARCH&iid=a3f7aeb6-906e-4ad1-8d5c-4f6a6ee24dd2.9789324193179.SEARCH&ppt=sp&ppn=sp&ssid=367od0x5hr09aebk1622892236161&qH=7d8949bcbf85067f,₹234,,(989)
Jaya,/jaya/p/itmffhm9mfcsff3p?pid=9780143104254&lid=LSTBOK9780143104254QWRMOI&marketplace=FLIPKART&q=books&store=bks&srno=s_4_122&otracker=search&otracker1=search&fm=SEARCH&iid=a3f7aeb6-906e-4ad1-8d5c-4f6a6ee24dd2.9780143104254.SEARCH&ppt=sp&ppn=sp&ssid=367od0x5hr09aebk1622892236161&qH=7d8949bcbf85067f,₹303,,"(3,911)"
Exploring Biology for Neet - 2021,/exploring-biology-neet-2021/p/itmcde964e3fad43?pid=9789324197016&lid=LSTBOK9789324197016RYT0GY&marketplace=FLIPKART&q=books&store=bks&srno=s_4_123&otracker=search&otracker1=search&fm=SEARCH&iid=a3f7aeb6-906e-4ad1-8d5c-4f6a6ee24dd2.9789324197016.SEARCH&ppt=sp&ppn=sp&ssid=367od0x5hr09aebk1622892236161&qH=7d8949bcbf85067f,₹509,,(346)
Sawan JUMBO Activity Book–3 & Jumbo Activity Book - Eng...,/sawan-jumbo-activity-book3-book-english-set-2-books/p/itm3ca00a3940b25?pid=RBKFTVSHAMCZSNGE&lid=LSTRBKFTVSHAMCZSNGE8Y7VHS&marketplace=FLIPKART&q=books&store=bks&srno=s_4_124&otracker=search&otracker1=search&fm=SEARCH&iid=en_PeONP6HQNWR%2Fn8%2BdH0Oyz2yiI3jz%2FFB2mZfcuUbi%2Fs3Lfp1hr0lQKs02A0INN3fI4L9mTvfOZCUtoxZquq7JWg%3D%3D&ppt=sp&ppn=sp&ssid=367od0x5hr09aebk1622892236161&qH=7d8949bcbf85067f,₹199,Ad,
Pearson Iit Foundation Series Class 7 Chemistry,/pearson-iit-foundation-series-class-7-chemistry/p/itm7a84858e6aa6d?pid=9789353944544&lid=LSTBOK9789353944544CM1XA4&marketplace=FLIPKART&q=books&store=bks&spotlightTagId=BestvalueId_bks&srno=s_5_161&otracker=search&otracker1=search&fm=SEARCH&iid=8c64e929-51a2-41a4-8289-0dd150b139e0.9789353944544.SEARCH&ppt=sp&ppn=sp&ssid=367od0x5hr09aebk1622892236161&qH=7d8949bcbf85067f,₹260,,(162)
Revolution 2020,/revolution-2020/p/itmffugyhhhwvg5p?pid=9788129124401&lid=LSTBOK9788129124401F89STQ&marketplace=FLIPKART&q=books&store=bks&srno=s_5_162&otracker=search&otracker1=search&fm=SEARCH&iid=8c64e929-51a2-41a4-8289-0dd150b139e0.9788129124401.SEARCH&ppt=sp&ppn=sp&ssid=367od0x5hr09aebk1622892236161&qH=7d8949bcbf85067f,₹253,,"(1,429)"
Mahabharata,/mahabharata/p/itmfdv7jeyhthjw5?pid=9788190599016&lid=LSTBOK9788190599016QQOYYI&marketplace=FLIPKART&q=books&store=bks&srno=s_5_163&otracker=search&otracker1=search&fm=SEARCH&iid=8c64e929-51a2-41a4-8289-0dd150b139e0.9788190599016.SEARCH&ppt=sp&ppn=sp&ssid=367od0x5hr09aebk1622892236161&qH=7d8949bcbf85067f,"₹2,100",,(859)
काली उपासना Gayatri Upasana (Hindi Edition) | Dharam-Da...,/gayatri-upasana-hindi-edition-dharam-darshan-ki-utkrsht-pustake-shani/p/itm616076bdcf01c?pid=RBKFVPSGM4YU9WSJ&lid=LSTRBKFVPSGM4YU9WSJXKLSNB&marketplace=FLIPKART&q=books&store=bks&srno=s_5_164&otracker=search&otracker1=search&fm=SEARCH&iid=en_sxAAthboBAPLvFCoG%2BkZ%2BtfMZ4Fc%2Bzk73sl8g4zDSA0xVpWdoH%2F4XLP9IWisjec1BNVSeevElq5ndIIyni1F0g%3D%3D&ppt=sp&ppn=sp&ssid=367od0x5hr09aebk1622892236161&qH=7d8949bcbf85067f,₹156,Ad,
Chemistry Simplified Ncert Class 12,/chemistry-simplified-ncert-class-12/p/itm4f1c91dbf7f19?pid=9789324196323&lid=LSTBOK9789324196323UVHSVF&marketplace=FLIPKART&q=books&store=bks&srno=s_6_201&otracker=search&otracker1=search&fm=SEARCH&iid=9aa50cc9-4b06-49de-a46f-eaf05aff9660.9789324196323.SEARCH&ppt=sp&ppn=sp&ssid=367od0x5hr09aebk1622892236161&qH=7d8949bcbf85067f,₹211,,(306)
Olympiad Champs Science Class 1 with Past Olympiad Ques...,/olympiad-champs-science-class-1-past-questions/p/itm07c7bb778e879?pid=9789389986921&lid=LSTBOK9789389986921MWBNML&marketplace=FLIPKART&q=books&store=bks&srno=s_6_202&otracker=search&otracker1=search&fm=SEARCH&iid=9aa50cc9-4b06-49de-a46f-eaf05aff9660.9789389986921.SEARCH&ppt=sp&ppn=sp&ssid=367od0x5hr09aebk1622892236161&qH=7d8949bcbf85067f,₹124,,(179)
Harry Potter and the Half-Blood Prince – Gryffindor Edi...,/harry-potter-half-blood-prince-gryffindor/p/itmabeaa3a2e6cc6?pid=9781526618221&lid=LSTBOK9781526618221VP2NL9&marketplace=FLIPKART&q=books&store=bks&srno=s_6_203&otracker=search&otracker1=search&fm=SEARCH&iid=9aa50cc9-4b06-49de-a46f-eaf05aff9660.9781526618221.SEARCH&ppt=sp&ppn=sp&ssid=367od0x5hr09aebk1622892236161&qH=7d8949bcbf85067f,₹772,,(12)
विप्रदास Vipradaās (Hindi Edition) | Sharatchandra Sahi...,/vipradas-hindi-edition-sharatchandra-sahitya-grhadaah/p/itm645b7ae05ba42?pid=RBKFVNMRMMMW2NZ7&lid=LSTRBKFVNMRMMMW2NZ7D1RUS2&marketplace=FLIPKART&q=books&store=bks&srno=s_6_204&otracker=search&otracker1=search&fm=SEARCH&iid=en_EQ45fyyRsIGWbveF%2BdBI3VMWsewsTNNPaeR18vXv3TZU9xth4YDPHsqJOYDEGE7tPwKQXynhLwV%2FfSQw41B3QA%3D%3D&ppt=sp&ppn=sp&ssid=367od0x5hr09aebk1622892236161&qH=7d8949bcbf85067f,₹175,Ad,
T.S. Grewal's Analysis Of Financial Statements And Doub...,/t-s-grewal-s-analysis-financial-statements-double-entry-book-keeping-volume-1-2-class-12/p/itm67066850c7ee0?pid=RBKG27W9EP67H6ZK&lid=LSTRBKG27W9EP67H6ZKKQQUKB&marketplace=FLIPKART&q=books&store=bks&srno=s_7_241&otracker=search&otracker1=search&fm=SEARCH&iid=fa178831-afbc-4443-9c8d-0c6af6359459.RBKG27W9EP67H6ZK.SEARCH&ppt=sp&ppn=sp&ssid=367od0x5hr09aebk1622892236161&qH=7d8949bcbf85067f,"₹1,260",,(87)
101 Panchatantra Stories,/101-panchatantra-stories/p/itmdwaeqpwfvbhqf?pid=9789387971493&lid=LSTBOK97893879714936OHXXF&marketplace=FLIPKART&q=books&store=bks&srno=s_7_242&otracker=search&otracker1=search&fm=SEARCH&iid=fa178831-afbc-4443-9c8d-0c6af6359459.9789387971493.SEARCH&ppt=sp&ppn=sp&ssid=367od0x5hr09aebk1622892236161&qH=7d8949bcbf85067f,₹116,,"(2,659)"
CSAT 2021|Civil Services Aptitude Test |General Studies...,/csat-2021-civil-services-aptitude-test-general-studies-paper-2-upsc-civil-preliminary-examination-pearson/p/itme4b175a87ddb5?pid=9789390325450&lid=LSTBOK9789390325450XPQEXV&marketplace=FLIPKART&q=books&store=bks&srno=s_7_243&otracker=search&otracker1=search&fm=SEARCH&iid=fa178831-afbc-4443-9c8d-0c6af6359459.9789390325450.SEARCH&ppt=sp&ppn=sp&ssid=367od0x5hr09aebk1622892236161&qH=7d8949bcbf85067f,₹663,,(90)
Jumbo All In One,/jumbo-all-one/p/itme54ms7qx7avke?pid=9788131021835&lid=LSTBOK9788131021835DHAJMC&marketplace=FLIPKART&q=books&store=bks&srno=s_7_244&otracker=search&otracker1=search&fm=SEARCH&iid=en_IIBqgTWWE4G0e4Aeg3EZx93BQGDzP%2ByjnACHdJ4sMN0PqhuAJOhIVA%2FKgqnK1G%2BF0HYxSzbkv7tG%2BEkCMkk0PA%3D%3D&ppt=sp&ppn=sp&ssid=367od0x5hr09aebk1622892236161&qH=7d8949bcbf85067f,₹179,Ad,
Exam Warriors,/exam-warriors/p/itmf2yft4pa4ax6c?pid=9780143443230&lid=LSTBOK97801434432304O95JF&marketplace=FLIPKART&q=books&store=bks&srno=s_8_281&otracker=search&otracker1=search&fm=SEARCH&iid=42ae9e95-d13f-427e-a3e1-0191b7a7f971.9780143443230.SEARCH&ppt=sp&ppn=sp&ssid=367od0x5hr09aebk1622892236161&qH=7d8949bcbf85067f,₹80,,"(2,444)"
"Designing Data-Intensive Applications (English, Paperba...",/designing-data-intensive-applications-english-paperback-kleppmann-martin/p/itmaee050277ef24?pid=9789352135240&lid=LSTBOK9789352135240BKEUWY&marketplace=FLIPKART&q=books&store=bks&srno=s_8_282&otracker=search&otracker1=search&fm=SEARCH&iid=42ae9e95-d13f-427e-a3e1-0191b7a7f971.9789352135240.SEARCH&ppt=sp&ppn=sp&ssid=367od0x5hr09aebk1622892236161&qH=7d8949bcbf85067f,"₹1,600",,(313)
The Monk Who Sold His Ferrari,/monk-sold-his-ferrari/p/itmfc7hkcke9bnyh?pid=9788179926727&lid=LSTBOK9788179926727IQKQ8A&marketplace=FLIPKART&q=books&store=bks&srno=s_8_283&otracker=search&otracker1=search&fm=SEARCH&iid=42ae9e95-d13f-427e-a3e1-0191b7a7f971.9788179926727.SEARCH&ppt=sp&ppn=sp&ssid=367od0x5hr09aebk1622892236161&qH=7d8949bcbf85067f,₹141,,(214)
"Inspiring Stories Of Grandpa, Interesting Stories Of Gr...",/inspiring-stories-grandpa-interesting-moral-grandpa-4-story-books-sawan/p/itm57b782714cf7a?pid=RBKFTV2QEGCP8RA4&lid=LSTRBKFTV2QEGCP8RA4AWMQ6D&marketplace=FLIPKART&q=books&store=bks&srno=s_8_284&otracker=search&otracker1=search&fm=SEARCH&iid=en_nogdUGVi7qYhWjEh4OhO2RDBoGcem%2Bcstt4b9p%2FMFd7%2BwDS2OOwyf8B0dCtR1l13NJ5zL2PWH7IJsxA6qJqsoA%3D%3D&ppt=sp&ppn=sp&ssid=367od0x5hr09aebk1622892236161&qH=7d8949bcbf85067f,₹155,Ad,
Fitting Siddhant: Fitter Trade Theory |,/fitting-siddhant-fitter-trade-theory/p/itm12a4b08068fe7?pid=9789389949322&lid=LSTBOK9789389949322HBBZMO&marketplace=FLIPKART&q=books&store=bks&srno=s_9_321&otracker=search&otracker1=search&fm=SEARCH&iid=59d17568-11ce-4fed-96b6-8225f97a6cd1.9789389949322.SEARCH&ppt=sp&ppn=sp&ssid=367od0x5hr09aebk1622892236161&qH=7d8949bcbf85067f,₹344,,(160)
Polity & Constitution,/polity-constitution/p/itmb45ee6c6d3036?pid=9789389600445&lid=LSTBOK9789389600445NPG4EG&marketplace=FLIPKART&q=books&store=bks&srno=s_9_322&otracker=search&otracker1=search&fm=SEARCH&iid=59d17568-11ce-4fed-96b6-8225f97a6cd1.9789389600445.SEARCH&ppt=sp&ppn=sp&ssid=367od0x5hr09aebk1622892236161&qH=7d8949bcbf85067f,₹362,,(94)
My Activity- ABC Colouring Book,/my-activity-abc-colouring-book/p/itmerhv9yracpufz?pid=9789350898857&lid=LSTBOK9789350898857NFEVFP&marketplace=FLIPKART&q=books&store=bks&srno=s_9_323&otracker=search&otracker1=search&fm=SEARCH&iid=59d17568-11ce-4fed-96b6-8225f97a6cd1.9789350898857.SEARCH&ppt=sp&ppn=sp&ssid=367od0x5hr09aebk1622892236161&qH=7d8949bcbf85067f,₹91,,(392)
"Set Of 4 Pre School Learning Books, O-Level : English W...",/set-4-pre-school-learning-books-o-level-english-writing-small-letters-practice-book-cursive-capital-book-numbers-130/p/itm7e59aed3f8b43?pid=RBKFTUXFCHJAZETS&lid=LSTRBKFTUXFCHJAZETSTLGCUR&marketplace=FLIPKART&q=books&store=bks&srno=s_9_324&otracker=search&otracker1=search&fm=SEARCH&iid=en_hz0%2BwCZKtxKPUbSCDtoOvyNdfVosRUuD8yn2w9doU9thHa6rMX82eBn4mzoKyeHeYHS2LqPlVbLENrSqZxQ1rw%3D%3D&ppt=sp&ppn=sp&ssid=367od0x5hr09aebk1622892236161&qH=7d8949bcbf85067f,₹159,Ad,
Vastunistha Samanya Gyan Adhyaywar 6250+ Prashno Ka Adw...,/vastunistha-samanya-gyan-adhyaywar-6250-prashno-ka-adwitiya-sangrah/p/itm7c6f15f3cbfe7?pid=9789325294783&lid=LSTBOK9789325294783P8ZCEE&marketplace=FLIPKART&q=books&store=bks&srno=s_10_361&otracker=search&otracker1=search&fm=SEARCH&iid=12a40e98-d9f8-4a91-90ae-d53612bdfa55.9789325294783.SEARCH&ppt=sp&ppn=sp&ssid=367od0x5hr09aebk1622892236161&qH=7d8949bcbf85067f,₹166,,(275)
Pantnagar Agriculture Entrance Examination 2020,/pantnagar-agriculture-entrance-examination-2020/p/itm8fe9ddc29dee6?pid=9789324193506&lid=LSTBOK9789324193506UFECOT&marketplace=FLIPKART&q=books&store=bks&srno=s_10_362&otracker=search&otracker1=search&fm=SEARCH&iid=12a40e98-d9f8-4a91-90ae-d53612bdfa55.9789324193506.SEARCH&ppt=sp&ppn=sp&ssid=367od0x5hr09aebk1622892236161&qH=7d8949bcbf85067f,₹232,,(37)
Uppsc Government Inter College (Gic) Lecturer Prelimina...,/uppsc-government-inter-college-gic-lecturer-preliminary-exam-2021-ganit-book/p/itm7a4e7c6e65652?pid=9789325294936&lid=LSTBOK9789325294936SXVGWN&marketplace=FLIPKART&q=books&store=bks&srno=s_10_363&otracker=search&otracker1=search&fm=SEARCH&iid=12a40e98-d9f8-4a91-90ae-d53612bdfa55.9789325294936.SEARCH&ppt=sp&ppn=sp&ssid=367od0x5hr09aebk1622892236161&qH=7d8949bcbf85067f,₹128,,(53)
My First Library Kids Board Books With Malayalam Alphab...,/my-first-library-kids-board-books-malayalam-alphabet-set-5/p/itm474a8639ed9f6?pid=RBKFWYDDSPYHWNTF&lid=LSTRBKFWYDDSPYHWNTF5XG4EX&marketplace=FLIPKART&q=books&store=bks&srno=s_10_364&otracker=search&otracker1=search&fm=SEARCH&iid=en_1ZvEYZ5JUwEyZA%2Fiw0eTiv3PLqvoTACtVR5nt2i0q%2BUICoiGOdyn5yZgWD0b73h4IWjdy1pp%2BmcEve0WIrm5EA%3D%3D&ppt=sp&ppn=sp&ssid=367od0x5hr09aebk1622892236161&qH=7d8949bcbf85067f,₹200,Ad,
Ross and Wilson Anatomy and Physiology in Health and Il...,/ross-wilson-anatomy-physiology-health-illness-international/p/itmbacd72d772ad1?pid=9780702072772&lid=LSTBOK9780702072772MFRQVY&marketplace=FLIPKART&q=books&store=bks&srno=s_11_401&otracker=search&otracker1=search&fm=SEARCH&iid=26cc61d7-3934-422a-84c1-b70f6423abcd.9780702072772.SEARCH&ppt=sp&ppn=sp&ssid=367od0x5hr09aebk1622892236161&qH=7d8949bcbf85067f,₹934,,"(2,311)"
Kane and Abel,/kane-and-abel/p/itmfbprwnkkt6ygz?pid=9781529015102&lid=LSTBOK9781529015102LJXYO2&marketplace=FLIPKART&q=books&store=bks&srno=s_11_402&otracker=search&otracker1=search&fm=SEARCH&iid=26cc61d7-3934-422a-84c1-b70f6423abcd.9781529015102.SEARCH&ppt=sp&ppn=sp&ssid=367od0x5hr09aebk1622892236161&qH=7d8949bcbf85067f,"₹1,835",,"(1,302)"
A Thing Beyond Forever,/thing-beyond-forever/p/itm94481bad8339e?pid=9789387022362&lid=LSTBOK9789387022362QT1YKK&marketplace=FLIPKART&q=books&store=bks&srno=s_11_403&otracker=search&otracker1=search&fm=SEARCH&iid=26cc61d7-3934-422a-84c1-b70f6423abcd.9789387022362.SEARCH&ppt=sp&ppn=sp&ssid=367od0x5hr09aebk1622892236161&qH=7d8949bcbf85067f,₹114,,"(3,066)"
"Najuk Rajkumari Aur Matar Ka Dana, Ludkaney Wala Pan Ca...",/najuk-rajkumari-aur-matar-ka-dana-ludkaney-wala-pan-cake-khazaney-tapu-nishthawan-sainik-tom-tumb-double-roti-aadmi-6-world-famous-fairy-tales-hindi-sawan/p/itmfa0183f699eea?pid=RBKFTV3FDMXEJG4X&lid=LSTRBKFTV3FDMXEJG4XYQKHTE&marketplace=FLIPKART&q=books&store=bks&srno=s_11_404&otracker=search&otracker1=search&fm=SEARCH&iid=en_1qJAJ13LpRjC%2BKwc3yPii1GXQyC8JnqwuOEqizUmVxz%2BbkBMDGZRig4msF0LgnLLMdc1RIarKmIpJZs4hc2h8g%3D%3D&ppt=sp&ppn=sp&ssid=367od0x5hr09aebk1622892236161&qH=7d8949bcbf85067f,₹229,Ad,
Ssc Topic-Wise 48 Solved Papers (2010-2019),/ssc-topic-wise-48-solved-papers-2010-2019/p/itm736c79cc020af?pid=9789389418521&lid=LSTBOK9789389418521M5AUMN&marketplace=FLIPKART&q=books&store=bks&srno=s_12_441&otracker=search&otracker1=search&fm=SEARCH&iid=e2bb3210-b58d-45ef-b5c3-62373d01e612.9789389418521.SEARCH&ppt=sp&ppn=sp&ssid=367od0x5hr09aebk1622892236161&qH=7d8949bcbf85067f,₹580,,(237)
Jkssb Assistant Compiler Exam Guide 2021,/jkssb-assistant-compiler-exam-guide-2021/p/itm15f27d74f702a?pid=9789325294806&lid=LSTBOK9789325294806AFD3HM&marketplace=FLIPKART&q=books&store=bks&srno=s_12_442&otracker=search&otracker1=search&fm=SEARCH&iid=e2bb3210-b58d-45ef-b5c3-62373d01e612.9789325294806.SEARCH&ppt=sp&ppn=sp&ssid=367od0x5hr09aebk1622892236161&qH=7d8949bcbf85067f,₹263,,(9)
Cbse New Pattern 15 Sample Paper Biology Class 12 for 2...,/cbse-new-pattern-15-sample-paper-biology-class-12-2021-exam-reduced-syllabus/p/itmc603418cbe70d?pid=9789325291126&lid=LSTBOK9789325291126JCVYKO&marketplace=FLIPKART&q=books&store=bks&srno=s_12_443&otracker=search&otracker1=search&fm=SEARCH&iid=e2bb3210-b58d-45ef-b5c3-62373d01e612.9789325291126.SEARCH&ppt=sp&ppn=sp&ssid=367od0x5hr09aebk1622892236161&qH=7d8949bcbf85067f,₹163,,(946)
श्री श्री रामकृष्ण कथामृत-3 Shri Shri Ramkrishna Katham...,/3-shri-ramkrishna-kathamrita-3-hindi-edition-adhyatm-evam-neetishastra/p/itmf9b3b0c26afc0?pid=RBKFVNHWQFS4TJED&lid=LSTRBKFVNHWQFS4TJEDCK9HZS&marketplace=FLIPKART&q=books&store=bks&srno=s_12_444&otracker=search&otracker1=search&fm=SEARCH&iid=en_T2KvfJd3Jrm5o2TLtyQJT0T5hCuJHJM2WwzVoV8BFlIu%2F%2Bn6wB%2BScESVuBNHf5%2BxMyzyppxabQonAj7Xuw85yg%3D%3D&ppt=sp&ppn=sp&ssid=367od0x5hr09aebk1622892236161&qH=7d8949bcbf85067f,₹195,Ad,
Master the Ncert for Neet Biology - 2021,/master-ncert-neet-biology-2021/p/itmfbb2f1f14fd82?pid=9789324196880&lid=LSTBOK97893241968806D3LWP&marketplace=FLIPKART&q=books&store=bks&srno=s_13_481&otracker=search&otracker1=search&fm=SEARCH&iid=3e711b25-21c8-4277-9e9d-2f38b43381df.9789324196880.SEARCH&ppt=sp&ppn=sp&ssid=367od0x5hr09aebk1622892236161&qH=7d8949bcbf85067f,₹260,,(536)
41 Anmol Kahaniyaa,/41-anmol-kahaniyaa/p/itmbbeacc8d91020?pid=9789350337318&lid=LSTBOK9789350337318PUMB8P&marketplace=FLIPKART&q=books&store=bks&srno=s_13_482&otracker=search&otracker1=search&fm=SEARCH&iid=3e711b25-21c8-4277-9e9d-2f38b43381df.9789350337318.SEARCH&ppt=sp&ppn=sp&ssid=367od0x5hr09aebk1622892236161&qH=7d8949bcbf85067f,₹167,,(366)
Pokhran - A Novel - A Novel,/pokhran-novel/p/itm860af10ccb586?pid=9789387022874&lid=LSTBOK97893870228745WVYL8&marketplace=FLIPKART&q=books&store=bks&srno=s_13_483&otracker=search&otracker1=search&fm=SEARCH&iid=3e711b25-21c8-4277-9e9d-2f38b43381df.9789387022874.SEARCH&ppt=sp&ppn=sp&ssid=367od0x5hr09aebk1622892236161&qH=7d8949bcbf85067f,₹177,,(76)
महागायत्री संहिता (हार्ड बाउंड) Mahagayatri Sahita (Har...,/mahagayatri-sahita-hardbound-hindi-edition-tantra-mantra-yantra-aur-parivigyaan/p/itm65bf5f77bfedb?pid=RBKFVM5YGZ6KZQWH&lid=LSTRBKFVM5YGZ6KZQWHODKN32&marketplace=FLIPKART&q=books&store=bks&srno=s_13_484&otracker=search&otracker1=search&fm=SEARCH&iid=en_NPHUteXfnM3SY2iZgRI2ZiGtwyRjSE4aZ9kFtLeonvXiPpyaW9csH7y7LU0J14zXXITL9MFtBHYKgNcTS3%2Blyg%3D%3D&ppt=sp&ppn=sp&ssid=367od0x5hr09aebk1622892236161&qH=7d8949bcbf85067f,₹469,Ad,
History Question Bank,/history-question-bank/p/itm4aa131918c1e1?pid=9789389811063&lid=LSTBOK9789389811063PTGIFI&marketplace=FLIPKART&q=books&store=bks&srno=s_14_521&otracker=search&otracker1=search&fm=SEARCH&iid=fc97c33f-7a70-4040-82c8-0ee15c74b57b.9789389811063.SEARCH&ppt=sp&ppn=sp&ssid=367od0x5hr09aebk1622892236161&qH=7d8949bcbf85067f,₹237,,"(1,585)"
Samaaj : Jismen Main Rahata Hoon,/samaaj-jismen-main-rahata-hoon/p/itm7aac7d088f1ab?pid=9780670095384&lid=LSTBOK9780670095384KCTMBI&marketplace=FLIPKART&q=books&store=bks&srno=s_14_522&otracker=search&otracker1=search&fm=SEARCH&iid=fc97c33f-7a70-4040-82c8-0ee15c74b57b.9780670095384.SEARCH&ppt=sp&ppn=sp&ssid=367od0x5hr09aebk1622892236161&qH=7d8949bcbf85067f,₹255,,(5)
Foundation Course for Neet Biology for Class 10,/foundation-course-neet-biology-class-10/p/itm43fe9312ae1e8?pid=9789352605743&lid=LSTBOK9789352605743LICCEO&marketplace=FLIPKART&q=books&store=bks&srno=s_14_523&otracker=search&otracker1=search&fm=SEARCH&iid=fc97c33f-7a70-4040-82c8-0ee15c74b57b.9789352605743.SEARCH&ppt=sp&ppn=sp&ssid=367od0x5hr09aebk1622892236161&qH=7d8949bcbf85067f,₹161,,(869)
Vedas In Sanskrit & Hindi Complete Combo,/vedas-sanskrit-hindi-complete-combo/p/itm70ea8230f7ce3?pid=RBKFWY9MGKRUG8HJ&lid=LSTRBKFWY9MGKRUG8HJTXNNEY&marketplace=FLIPKART&q=books&store=bks&srno=s_14_524&otracker=search&otracker1=search&fm=SEARCH&iid=en_GiywanbFwsiyqNllCZDdmh6Ivvh7qIX8zXwwAkMXCQs9LyKTcNL8WIqydWZTUzOehdl9PL7sRfKQErRliuPvwA%3D%3D&ppt=sp&ppn=sp&ssid=367od0x5hr09aebk1622892236161&qH=7d8949bcbf85067f,"₹1,499",Ad,
The Mega Yearbook 2021 for Competitive Exams,/mega-yearbook-2021-competitive-exams/p/itm2d4b133ca7bc3?pid=9789390486151&lid=LSTBOK9789390486151MSZLKR&marketplace=FLIPKART&q=books&store=bks&srno=s_15_561&otracker=search&otracker1=search&fm=SEARCH&iid=673f307e-0d5d-4263-9392-251cf509d431.9789390486151.SEARCH&ppt=sp&ppn=sp&ssid=367od0x5hr09aebk1622892236161&qH=7d8949bcbf85067f,₹202,,(371)
Public Administration | For Civil Services Main Examina...,/public-administration-civil-services-main-examination-optional-subject-paper-ii-first-pearson/p/itmfhdgcfcq9rhch?pid=9789353436605&lid=LSTBOK9789353436605DNCHBL&marketplace=FLIPKART&q=books&store=bks&srno=s_15_562&otracker=search&otracker1=search&fm=SEARCH&iid=673f307e-0d5d-4263-9392-251cf509d431.9789353436605.SEARCH&ppt=sp&ppn=sp&ssid=367od0x5hr09aebk1622892236161&qH=7d8949bcbf85067f,₹327,,(70)
Mathematics | Chapter Wise | SSC CGL MAINS | Gagan Prat...,/mathematics-chapter-wise-ssc-cgl-mains-gagan-pratap-sir-bilingual-champion-publication/p/itmaac31bf0e55ca?pid=RBKGF4BGX3RNEVGZ&lid=LSTRBKGF4BGX3RNEVGZIHWSGS&marketplace=FLIPKART&q=books&store=bks&srno=s_15_563&otracker=search&otracker1=search&fm=SEARCH&iid=673f307e-0d5d-4263-9392-251cf509d431.RBKGF4BGX3RNEVGZ.SEARCH&ppt=sp&ppn=sp&ssid=367od0x5hr09aebk1622892236161&qH=7d8949bcbf85067f,₹315,,(73)
ऋग्वेद भाग-2 (हार्डबाउंड) Rigveda Bhaag-2 (Hardbound) (...,/2-rigveda-bhaag-2-hardbound-hindi-edition-dharam-dharshan-ki-vashisht-pustake/p/itm7267a9bbf55d7?pid=RBKFVPSGYDPK9VPZ&lid=LSTRBKFVPSGYDPK9VPZWKZN3A&marketplace=FLIPKART&q=books&store=bks&srno=s_15_564&otracker=search&otracker1=search&fm=SEARCH&iid=en_upgWtEgT1ufUppadGrFop2AUjBgcnHrGzmJjZ5pF1nbY7sg2f%2FGINkxtGXZuhP4V0w%2FVilEtLDdYYrUoXAkHFQ%3D%3D&ppt=sp&ppn=sp&ssid=367od0x5hr09aebk1622892236161&qH=7d8949bcbf85067f,₹285,Ad,
Srimad Bhagavad Gita Yatharup Hindi,/srimad-bhagavad-gita-yatharup-hindi/p/itmafe6c79bc775f?pid=RBKECG9JRJ4UZHWN&lid=LSTRBKECG9JRJ4UZHWNIDKZX4&marketplace=FLIPKART&q=books&store=bks&srno=s_16_601&otracker=search&otracker1=search&fm=SEARCH&iid=4d331528-a3c1-4843-baf9-9cc9059c1e87.RBKECG9JRJ4UZHWN.SEARCH&ppt=sp&ppn=sp&ssid=367od0x5hr09aebk1622892236161&qH=7d8949bcbf85067f,₹199,,"(3,219)"
India Map,/india-map/p/itmdyutzy3qd64zq?pid=9788184511529&lid=LSTBOK9788184511529GZ9UWQ&marketplace=FLIPKART&q=books&store=bks&srno=s_16_602&otracker=search&otracker1=search&fm=SEARCH&iid=4d331528-a3c1-4843-baf9-9cc9059c1e87.9788184511529.SEARCH&ppt=sp&ppn=sp&ssid=367od0x5hr09aebk1622892236161&qH=7d8949bcbf85067f,₹95,,(299)
Super 10 Mock Tests for Nta Neet 2021,/super-10-mock-tests-nta-neet-2021/p/itm10798f10ca1e2?pid=9789390486243&lid=LSTBOK9789390486243DCS3LQ&marketplace=FLIPKART&q=books&store=bks&srno=s_16_603&otracker=search&otracker1=search&fm=SEARCH&iid=4d331528-a3c1-4843-baf9-9cc9059c1e87.9789390486243.SEARCH&ppt=sp&ppn=sp&ssid=367od0x5hr09aebk1622892236161&qH=7d8949bcbf85067f,₹178,,(334)
51 चमत्कारी यंत्र एलबम 51 Chamatkari Yantra Album (Hind...,/51-chamatkari-yantra-album-hindi-edition-tantra-mantra-aur-parivigyaan/p/itmff8873d347684?pid=RBKFVM5Y3MNZN2FC&lid=LSTRBKFVM5Y3MNZN2FCP5DXXZ&marketplace=FLIPKART&q=books&store=bks&srno=s_16_604&otracker=search&otracker1=search&fm=SEARCH&iid=en_wFzHbPICfq4whL5I17Y40506HtMK5S%2Bx5oXUsA8mkOL%2FXfaOMyTcm1RTThp9RAAeF5d6JiLs7uF8pqFei7GHEg%3D%3D&ppt=sp&ppn=sp&ssid=367od0x5hr09aebk1622892236161&qH=7d8949bcbf85067f,₹239,Ad,
Spoken English Guru Daily Use English Sentence,/spoken-english-guru-daily-use-sentence/p/itmf8cm7ntk7ufkf?pid=9788193074398&lid=LSTBOK9788193074398FLAX4N&marketplace=FLIPKART&q=books&store=bks&srno=s_17_641&otracker=search&otracker1=search&fm=SEARCH&iid=bf9aca77-ad82-4d12-93b5-fdb62e4e8197.9788193074398.SEARCH&ppt=sp&ppn=sp&ssid=367od0x5hr09aebk1622892236161&qH=7d8949bcbf85067f,₹240,,"(4,160)"
Complete Companion for Gpat and Other Competitive Exami...,/complete-companion-gpat-other-competitive-examinations-pharmacy/p/itme9c230c325507?pid=9789353946241&lid=LSTBOK9789353946241ZZKHVT&marketplace=FLIPKART&q=books&store=bks&srno=s_17_642&otracker=search&otracker1=search&fm=SEARCH&iid=bf9aca77-ad82-4d12-93b5-fdb62e4e8197.9789353946241.SEARCH&ppt=sp&ppn=sp&ssid=367od0x5hr09aebk1622892236161&qH=7d8949bcbf85067f,₹755,,(825)
The Return of the King,/the-return-of-the-king/p/itmfcfffswycnbv5?pid=9780008376086&lid=LSTBOK9780008376086QBOKOT&marketplace=FLIPKART&q=books&store=bks&srno=s_17_643&otracker=search&otracker1=search&fm=SEARCH&iid=bf9aca77-ad82-4d12-93b5-fdb62e4e8197.9780008376086.SEARCH&ppt=sp&ppn=sp&ssid=367od0x5hr09aebk1622892236161&qH=7d8949bcbf85067f,₹353,,(83)
असली प्राचीन लाल किताब Asli Prachin Lal Kitab (Hindi Ed...,/asli-prachin-lal-kitab-hindi-edition-bhartiya-phalit-jyotish/p/itm50d696a8b32ca?pid=RBKFVM5YUYYNH99P&lid=LSTRBKFVM5YUYYNH99P7K3D3H&marketplace=FLIPKART&q=books&store=bks&srno=s_17_644&otracker=search&otracker1=search&fm=SEARCH&iid=en_PcvfyYORnty3404Vc4m1YGMm%2F6q2KAv0pdo6ygxzkrSuQZkXZdREBJp83FS9ZS0SvF0CPhseZzyXSdHElc67tQ%3D%3D&ppt=sp&ppn=sp&ssid=367od0x5hr09aebk1622892236161&qH=7d8949bcbf85067f,"₹1,999",Ad,
My First Learning Colouring Bag - Set Of 20 Exciting Co...,/my-first-learning-colouring-bag-set-20-exciting-books-product-bundle-super-jumbo-combo-collecters-library/p/itmfbeee690f1bc2?pid=RBKFTV2YGWDMAKEA&lid=LSTRBKFTV2YGWDMAKEATEYD3S&marketplace=FLIPKART&q=books&store=bks&srno=s_18_681&otracker=search&otracker1=search&fm=SEARCH&iid=5313efb8-7bb0-40f6-bc45-8792c3b02da5.RBKFTV2YGWDMAKEA.SEARCH&ppt=sp&ppn=sp&ssid=367od0x5hr09aebk1622892236161&qH=7d8949bcbf85067f,₹285,,(56)
Spoken English Guru English Vocabulary Book,/spoken-english-guru-vocabulary-book/p/itm1c997c078af67?pid=9788193074374&lid=LSTBOK9788193074374HSY7GL&marketplace=FLIPKART&q=books&store=bks&srno=s_18_682&otracker=search&otracker1=search&fm=SEARCH&iid=5313efb8-7bb0-40f6-bc45-8792c3b02da5.9788193074374.SEARCH&ppt=sp&ppn=sp&ssid=367od0x5hr09aebk1622892236161&qH=7d8949bcbf85067f,₹260,,(110)
Magical Book Series Quicker Maths By M Tyra,/magical-book-series-quicker-maths-m-tyra/p/itmfg5g6wktchuqy?pid=RBKFG5DMGNJG2QD5&lid=LSTRBKFG5DMGNJG2QD5G9APDQ&marketplace=FLIPKART&q=books&store=bks&srno=s_18_683&otracker=search&otracker1=search&fm=SEARCH&iid=5313efb8-7bb0-40f6-bc45-8792c3b02da5.RBKFG5DMGNJG2QD5.SEARCH&ppt=sp&ppn=sp&ssid=367od0x5hr09aebk1622892236161&qH=7d8949bcbf85067f,₹325,,(392)
Sawan Present Set Of 2 Colouring Book | 365 Smart Colou...,/sawan-present-set-2-colouring-book-365-smart-mega/p/itme3e7d420b62e7?pid=RBKFTFEXE6G68DKZ&lid=LSTRBKFTFEXE6G68DKZNS9NOU&marketplace=FLIPKART&q=books&store=bks&srno=s_18_684&otracker=search&otracker1=search&fm=SEARCH&iid=en_BSYFUKEFSD79GM9zPzhssudVtNXiF9TIdqynLyWU1NiuBC%2BGViaDA3D2uwybwdmQ%2BpvZ6inrVNTdfPYamGQ1Ew%3D%3D&ppt=sp&ppn=sp&ssid=367od0x5hr09aebk1622892236161&qH=7d8949bcbf85067f,₹249,Ad,
"A Complete Guide For B.Ed. Entrance Examination,Odisha ...",/complete-guide-b-ed-entrance-examination-odisha-science-stream-2021/p/itm590660752c14c?pid=RBKGFQFF25NYJBJN&lid=LSTRBKGFQFF25NYJBJNMRE32K&marketplace=FLIPKART&q=books&store=bks&srno=s_19_721&otracker=search&otracker1=search&fm=SEARCH&iid=7c7bdb46-c8a0-4cb8-ae57-ec9eae1f78e6.RBKGFQFF25NYJBJN.SEARCH&ppt=sp&ppn=sp&ssid=367od0x5hr09aebk1622892236161&qH=7d8949bcbf85067f,₹450,,(11)
Kiran Ssc General Awareness Chapterwise & Typewise Solv...,/kiran-ssc-general-awareness-chapterwise-typewise-solved-papers-1999-till-date/p/itm1c034af24ac67?pid=9789389554250&lid=LSTBOK978938955425068OELW&marketplace=FLIPKART&q=books&store=bks&srno=s_19_722&otracker=search&otracker1=search&fm=SEARCH&iid=7c7bdb46-c8a0-4cb8-ae57-ec9eae1f78e6.9789389554250.SEARCH&ppt=sp&ppn=sp&ssid=367od0x5hr09aebk1622892236161&qH=7d8949bcbf85067f,₹569,,(613)
Olympiad Reasoning Workbook - Class 4,/olympiad-reasoning-workbook-class-4/p/itm3ece02bfec0cb?pid=9789390801428&lid=LSTBOK9789390801428D2NUQA&marketplace=FLIPKART&q=books&store=bks&srno=s_19_723&otracker=search&otracker1=search&fm=SEARCH&iid=7c7bdb46-c8a0-4cb8-ae57-ec9eae1f78e6.9789390801428.SEARCH&ppt=sp&ppn=sp&ssid=367od0x5hr09aebk1622892236161&qH=7d8949bcbf85067f,₹142,,(10)
"David Copperfiedl, The Adventures Of Tom Sawyer, The Ad...",/david-copperfiedl-adventures-tom-sawyer-robinson-crusoe-set-3-all-time-great-classics-sawan/p/itm2387300b5c6f2?pid=RBKFTRH9XGQJS6B3&lid=LSTRBKFTRH9XGQJS6B3S34NCK&marketplace=FLIPKART&q=books&store=bks&srno=s_19_724&otracker=search&otracker1=search&fm=SEARCH&iid=en_znl%2FuJyJrws1p0SKV12KhJKDWirpBrwYLtNrlphybdcJgSqstW4fngyjoAmH44vBvkvNVopwk4JNVgJU%2BZvoCw%3D%3D&ppt=sp&ppn=sp&ssid=367od0x5hr09aebk1622892236161&qH=7d8949bcbf85067f,₹175,Ad,
Computer Knowledge For Sbi Ibps Clerk Po Rrb Rbi Ssc Ra...,/computer-knowledge-sbi-ibps-clerk-po-rrb-rbi-ssc-railways-insurance-exams/p/itm9181245bc602d?pid=9789386320179&lid=LSTBOK9789386320179FLSP01&marketplace=FLIPKART&q=books&store=bks&srno=s_20_761&otracker=search&otracker1=search&fm=SEARCH&iid=835d1bc4-cb69-4e39-82df-e4a71ef489b4.9789386320179.SEARCH&ppt=sp&ppn=sp&ssid=367od0x5hr09aebk1622892236161&qH=7d8949bcbf85067f,₹156,,"(1,775)"
Chillu,/chillu/p/itm3ad098176eaca?pid=9789354322204&lid=LSTBOK9789354322204X1PRAO&marketplace=FLIPKART&q=books&store=bks&srno=s_20_762&otracker=search&otracker1=search&fm=SEARCH&iid=835d1bc4-cb69-4e39-82df-e4a71ef489b4.9789354322204.SEARCH&ppt=sp&ppn=sp&ssid=367od0x5hr09aebk1622892236161&qH=7d8949bcbf85067f,₹120,,(3)
Lost in Love,/lost-in-love/p/itm55bc173d9fb57?pid=9789387022119&lid=LSTBOK9789387022119W6HEFN&marketplace=FLIPKART&q=books&store=bks&srno=s_20_763&otracker=search&otracker1=search&fm=SEARCH&iid=835d1bc4-cb69-4e39-82df-e4a71ef489b4.9789387022119.SEARCH&ppt=sp&ppn=sp&ssid=367od0x5hr09aebk1622892236161&qH=7d8949bcbf85067f,₹163,,(685)
EVERGREN STORIES OF PANCHATANTRA (HARDCOVER),/evergren-stories-panchatantra-hardcover/p/itmezaduccrhep3p?pid=9788131024621&lid=LSTBOK9788131024621AEBC3M&marketplace=FLIPKART&q=books&store=bks&srno=s_20_764&otracker=search&otracker1=search&fm=SEARCH&iid=en_wdgRunPt7Tg%2BaofFpXB2BTqCRR9wYviaOXllg8INOG7B4Ap8Mtn4c%2BA5FMaxhDSBkFxB9pyrz2HmIewGLSc1OA%3D%3D&ppt=sp&ppn=sp&ssid=367od0x5hr09aebk1622892236161&qH=7d8949bcbf85067f,₹179,Ad,
Ramayan Ki Kahaniyan 1 Edition,/ramayan-ki-kahaniyan-1/p/itmethfudqcywvjr?pid=9789350570876&lid=LSTBOK9789350570876IAG4UF&marketplace=FLIPKART&q=books&store=bks&srno=s_21_801&otracker=search&otracker1=search&fm=SEARCH&iid=27dd405f-9342-43c2-a257-7ca41284063c.9789350570876.SEARCH&ppt=sp&ppn=sp&ssid=367od0x5hr09aebk1622892236161&qH=7d8949bcbf85067f,₹155,,(39)
A First Course in Abstract Algebra 7th Edition,/first-course-abstract-algebra-7th/p/itmfbrzxb5bhveup?pid=9789332519039&lid=LSTBOK97893325190396VGJ0J&marketplace=FLIPKART&q=books&store=bks&srno=s_21_802&otracker=search&otracker1=search&fm=SEARCH&iid=27dd405f-9342-43c2-a257-7ca41284063c.9789332519039.SEARCH&ppt=sp&ppn=sp&ssid=367od0x5hr09aebk1622892236161&qH=7d8949bcbf85067f,₹867,,(174)
Bhagwatgita As It Is Oriya/Odia BhagwatGita Moulika Rup...,/bhagwatgita-oriya-odia-moulika-rupare/p/itma13c5386d7297?pid=RBKFVR2SUSYSZBGH&lid=LSTRBKFVR2SUSYSZBGHBBRUKB&marketplace=FLIPKART&q=books&store=bks&srno=s_21_803&otracker=search&otracker1=search&fm=SEARCH&iid=27dd405f-9342-43c2-a257-7ca41284063c.RBKFVR2SUSYSZBGH.SEARCH&ppt=sp&ppn=sp&ssid=367od0x5hr09aebk1622892236161&qH=7d8949bcbf85067f,₹275,,(126)
Books For Babies Box Set Of 10 Board Books,/books-babies-box-set-10-board/p/itma56d46dc0fd60?pid=RBKGYU499UWYZFZ2&lid=LSTRBKGYU499UWYZFZ2FHBVWM&marketplace=FLIPKART&q=books&store=bks&srno=s_21_804&otracker=search&otracker1=search&fm=SEARCH&iid=en_9uonaCySeqEZefPv4NmSb9CHEEcbugpLQJIzZEC0mQwgnUSpW7Y5j7IYrMle6iQXPqHnLP9KDj61XN1b7r8mrQ%3D%3D&ppt=sp&ppn=sp&ssid=367od0x5hr09aebk1622892236161&qH=7d8949bcbf85067f,₹399,Ad,
Up Pgt Itihaas 2021,/up-pgt-itihaas-2021/p/itm88a1a6c3949bf?pid=9789325292703&lid=LSTBOK97893252927030S1UHI&marketplace=FLIPKART&q=books&store=bks&srno=s_22_841&otracker=search&otracker1=search&fm=SEARCH&iid=cdf7bdb5-4c75-4d08-b526-7d6b0010c004.9789325292703.SEARCH&ppt=sp&ppn=sp&ssid=367od0x5hr09aebk1622892236161&qH=7d8949bcbf85067f,₹160,,
Cbse New Pattern 15 Sample Paper Chemistry Class 11 for...,/cbse-new-pattern-15-sample-paper-chemistry-class-11-2021-exam-reduced-syllabus/p/itm711fb111164e7?pid=9789325291232&lid=LSTBOK97893252912329XKJJA&marketplace=FLIPKART&q=books&store=bks&srno=s_22_842&otracker=search&otracker1=search&fm=SEARCH&iid=cdf7bdb5-4c75-4d08-b526-7d6b0010c004.9789325291232.SEARCH&ppt=sp&ppn=sp&ssid=367od0x5hr09aebk1622892236161&qH=7d8949bcbf85067f,₹119,,(151)
Practice Paper Set Indian Army General Duty G.D. N.E.R ...,/practice-paper-set-indian-army-general-duty-g-d-n-e-r-recruitment-test-50-papers/p/itm69a7d304f484b?pid=RBKFMFFMRYFVMEQM&lid=LSTRBKFMFFMRYFVMEQMEFG35Z&marketplace=FLIPKART&q=books&store=bks&srno=s_22_843&otracker=search&otracker1=search&fm=SEARCH&iid=cdf7bdb5-4c75-4d08-b526-7d6b0010c004.RBKFMFFMRYFVMEQM.SEARCH&ppt=sp&ppn=sp&ssid=367od0x5hr09aebk1622892236161&qH=7d8949bcbf85067f,₹130,,(646)
Set Of 3 Cursive Writing Books (Cursive Writing Book Sm...,/set-3-cursive-writing-books-cursive-book-small-letters-capital-letters/p/itmd3ed6f50cbac9?pid=RBKFUUNAYBSGRGJH&lid=LSTRBKFUUNAYBSGRGJHPBLNMF&marketplace=FLIPKART&q=books&store=bks&srno=s_22_844&otracker=search&otracker1=search&fm=SEARCH&iid=en_LHVoi7i7ntYjfJqLz4EmZKESVW77k2o91VN2LgPUrVlr4w7tlZyy0LuZ2kmPYsOHix8LO%2Bap%2Bs9aGPRR3Ai0mw%3D%3D&ppt=sp&ppn=sp&ssid=367od0x5hr09aebk1622892236161&qH=7d8949bcbf85067f,₹179,Ad,
Complete Set For LKG | Set Of 11 Books | Pre-School Boo...,/complete-set-lkg-11-books-pre-school-lower-kindergarten/p/itm72b4900c23266?pid=RBKFV36UZNYRN33T&lid=LSTRBKFV36UZNYRN33TQNKJSL&marketplace=FLIPKART&q=books&store=bks&srno=s_23_881&otracker=search&otracker1=search&fm=SEARCH&iid=faadc9a7-f94e-4499-a0f7-50ab3e592d3f.RBKFV36UZNYRN33T.SEARCH&ppt=sp&ppn=sp&ssid=367od0x5hr09aebk1622892236161&qH=7d8949bcbf85067f,₹742,,(130)
Bitsat 16 Years Chapter-Wise Solved Papers (2020 - 2005...,/bitsat-16-years-chapter-wise-solved-papers-2020-2005-5-online-mock-tests/p/itm0c23ed18359cf?pid=9789390486458&lid=LSTBOK9789390486458NBIZUX&marketplace=FLIPKART&q=books&store=bks&srno=s_23_882&otracker=search&otracker1=search&fm=SEARCH&iid=faadc9a7-f94e-4499-a0f7-50ab3e592d3f.9789390486458.SEARCH&ppt=sp&ppn=sp&ssid=367od0x5hr09aebk1622892236161&qH=7d8949bcbf85067f,₹247,,(123)
Brilliant Brain Activity Book 6+,/brilliant-brain-activity-book-6/p/itm3eb4f9c343b12?pid=9789389281040&lid=LSTBOK97893892810405TZ69U&marketplace=FLIPKART&q=books&store=bks&srno=s_23_883&otracker=search&otracker1=search&fm=SEARCH&iid=faadc9a7-f94e-4499-a0f7-50ab3e592d3f.9789389281040.SEARCH&ppt=sp&ppn=sp&ssid=367od0x5hr09aebk1622892236161&qH=7d8949bcbf85067f,₹180,,(125)
"Baby Record Book, It's A Boy | By Sawan",/baby-record-book-it-s-boy-sawan/p/itmb9bd69980802c?pid=RBKFTZ5MRW8APD3F&lid=LSTRBKFTZ5MRW8APD3FPFHZCX&marketplace=FLIPKART&q=books&store=bks&srno=s_23_884&otracker=search&otracker1=search&fm=SEARCH&iid=en_%2FYNaTd1gJTam1%2BuiREaDcM%2BzjHio0zuBbnBnrLIh41gL9RuWTQGOe605Do70DxDkFSxQ85L59ouVg18EyCPVmg%3D%3D&ppt=sp&ppn=sp&ssid=367od0x5hr09aebk1622892236161&qH=7d8949bcbf85067f,₹189,Ad,
Alkkoottathil Thaniye,/alkkoottathil-thaniye/p/itmfc4t2kx4tszhh?pid=9788126477081&lid=LSTBOK9788126477081IDUFNQ&marketplace=FLIPKART&q=books&store=bks&srno=s_24_921&otracker=search&otracker1=search&fm=SEARCH&iid=20880cab-e58f-4b9e-855f-d6d48a2caa95.9788126477081.SEARCH&ppt=sp&ppn=sp&ssid=367od0x5hr09aebk1622892236161&qH=7d8949bcbf85067f,₹140,,(6)
"Interesting Stories From Panchatantra, Moral Stories Fr...",/interesting-stories-panchatantra-moral-selected-inspiring-panchatantra-4-story-books-sawan/p/itmc5838646722d4?pid=RBKFTZESVX6F298F&lid=LSTRBKFTZESVX6F298FVCIEYR&marketplace=FLIPKART&q=books&store=bks&srno=s_24_922&otracker=search&otracker1=search&fm=SEARCH&iid=20880cab-e58f-4b9e-855f-d6d48a2caa95.RBKFTZESVX6F298F.SEARCH&ppt=sp&ppn=sp&ssid=367od0x5hr09aebk1622892236161&qH=7d8949bcbf85067f,₹159,,(19)
43 + 19 Years Chapterwise Solutions Physics for Jee (Ad...,/43-19-years-chapterwise-solutions-physics-jee-adv-main/p/itmebf50c1c2e0d9?pid=9788194933687&lid=LSTBOK9788194933687P8PEAB&marketplace=FLIPKART&q=books&store=bks&srno=s_24_923&otracker=search&otracker1=search&fm=SEARCH&iid=20880cab-e58f-4b9e-855f-d6d48a2caa95.9788194933687.SEARCH&ppt=sp&ppn=sp&ssid=367od0x5hr09aebk1622892236161&qH=7d8949bcbf85067f,₹398,,(31)
Sawan Present Set Of 3 Brain Booster Activity Books | 6...,/sawan-present-set-3-brain-booster-activity-books-6-activity-7-8/p/itm1559f73133eb4?pid=RBKFTFEYYCBZSGAN&lid=LSTRBKFTFEYYCBZSGAN5D5JGW&marketplace=FLIPKART&q=books&store=bks&srno=s_24_924&otracker=search&otracker1=search&fm=SEARCH&iid=en_e1DRelt6hfS%2FN96snPP5YdWGLZAOloeGaah7hiuLyM4Xg1AXZOeiQvFzB0X%2BqCn2hIxXWr%2BCt2FXRuq1OX8BAg%3D%3D&ppt=sp&ppn=sp&ssid=367od0x5hr09aebk1622892236161&qH=7d8949bcbf85067f,₹285,Ad,
Karna's Wife - The Outcast's Queen,/karna-s-wife-outcast-s-queen/p/itmetjkhnbjgfrtz?pid=9788129120854&lid=LSTBOK9788129120854NSLMZN&marketplace=FLIPKART&q=books&store=bks&srno=s_25_961&otracker=search&otracker1=search&fm=SEARCH&iid=0d415078-b4f7-4262-b4ba-9c66197236d9.9788129120854.SEARCH&ppt=sp&ppn=sp&ssid=367od0x5hr09aebk1622892236161&qH=7d8949bcbf85067f,₹253,,"(1,590)"
A to Z Biology for Neet Class XII First Edition,/z-biology-neet-class-xii-first/p/itmb38cdea560378?pid=9789353506131&lid=LSTBOK9789353506131CURVR7&marketplace=FLIPKART&q=books&store=bks&srno=s_25_962&otracker=search&otracker1=search&fm=SEARCH&iid=0d415078-b4f7-4262-b4ba-9c66197236d9.9789353506131.SEARCH&ppt=sp&ppn=sp&ssid=367od0x5hr09aebk1622892236161&qH=7d8949bcbf85067f,₹507,,(482)
Nimeshe Anko (Vol-I ) And Nimeshe Reasoning,/nimeshe-anko-vol-i-reasoning/p/itmf638199df6425?pid=RBKFV3GCPQYWTUZZ&lid=LSTRBKFV3GCPQYWTUZZ0VIYLK&marketplace=FLIPKART&q=books&store=bks&srno=s_25_963&otracker=search&otracker1=search&fm=SEARCH&iid=0d415078-b4f7-4262-b4ba-9c66197236d9.RBKFV3GCPQYWTUZZ.SEARCH&ppt=sp&ppn=sp&ssid=367od0x5hr09aebk1622892236161&qH=7d8949bcbf85067f,₹419,,(29)
Story Books Of Akbar-Birbal Stories (20 In 1 Series) | ...,/story-books-akbar-birbal-stories-20-1-series-intersting-childrens-tamil/p/itm818e312b0b035?pid=RBKFTVFBZPZVG4CH&lid=LSTRBKFTVFBZPZVG4CHOHQV20&marketplace=FLIPKART&q=books&store=bks&srno=s_25_964&otracker=search&otracker1=search&fm=SEARCH&iid=en_MqvI0Tw6LNfa0N9f7dfYxZ0fOKjTDX5mMZdJrcNK8EU6FNdyDU1A58OTB72ymP3KFVD1Yw%2BqVtEhVpZ36SBr8A%3D%3D&ppt=sp&ppn=sp&ssid=367od0x5hr09aebk1622892236161&qH=7d8949bcbf85067f,₹155,Ad,
